SET NAMES utf8mb4;

SELECT '实验3：SQL查询与操纵' AS title;

DROP VIEW IF EXISTS V_SPJ_SANJIAN;

DROP TABLE IF EXISTS SPJ;
DROP TABLE IF EXISTS J;
DROP TABLE IF EXISTS P;
DROP TABLE IF EXISTS S;

SELECT '实验3.1：数据库定义（DDL）' AS step;

CREATE TABLE S (
    SNO CHAR(5) PRIMARY KEY,
    SNAME VARCHAR(50) UNIQUE,
    STATUS INT,
    CITY VARCHAR(50)
) DEFAULT CHARSET = utf8mb4;

CREATE TABLE P (
    PNO CHAR(5) PRIMARY KEY,
    PNAME VARCHAR(50),
    COLOR VARCHAR(20),
    WEIGHT INT
) DEFAULT CHARSET = utf8mb4;

CREATE TABLE J (
    JNO CHAR(5) PRIMARY KEY,
    JNAME VARCHAR(50),
    CITY VARCHAR(50)
) DEFAULT CHARSET = utf8mb4;

CREATE TABLE SPJ (
    SNO CHAR(5) NOT NULL,
    PNO CHAR(5) NOT NULL,
    JNO CHAR(5) NOT NULL,
    QTY INT,
    PRIMARY KEY (SNO, PNO, JNO),
    FOREIGN KEY (SNO) REFERENCES S(SNO),
    FOREIGN KEY (PNO) REFERENCES P(PNO),
    FOREIGN KEY (JNO) REFERENCES J(JNO)
) DEFAULT CHARSET = utf8mb4;

INSERT INTO S (SNO, SNAME, STATUS, CITY) VALUES
('S1', '精益', 20, '上海'),
('S2', '先锋', 10, '天津'),
('S3', '远航', 30, '北京'),
('S4', '华通', 20, '上海'),
('S5', '宏达', 30, '广州');

INSERT INTO P (PNO, PNAME, COLOR, WEIGHT) VALUES
('P1', '螺栓', '红', 12),
('P2', '螺母', '绿', 17),
('P3', '齿轮', '蓝', 14),
('P4', '轴承', '红', 10),
('P5', '弹簧', '黄', 6),
('P6', '钢板', '红', 20);

INSERT INTO J (JNO, JNAME, CITY) VALUES
('J1', '三建', '北京'),
('J2', '一汽', '长春'),
('J3', '造船厂', '上海'),
('J4', '机车厂', '天津'),
('J5', '电厂', '广州'),
('J6', '炼油厂', '上海');

INSERT INTO SPJ (SNO, PNO, JNO, QTY) VALUES
('S1', 'P1', 'J1', 200),
('S1', 'P2', 'J1', 100),
('S4', 'P4', 'J1', 120),
('S3', 'P5', 'J1', 80),
('S1', 'P3', 'J2', 50),
('S4', 'P1', 'J2', 90),
('S2', 'P4', 'J2', 70),
('S5', 'P6', 'J2', 110),
('S2', 'P2', 'J4', 60),
('S3', 'P6', 'J6', 30);

SELECT '实验3.2：SQL基本查询' AS step;

SELECT '3.2-1' AS q;
SELECT SNAME, CITY FROM S;

SELECT '3.2-2' AS q;
SELECT PNAME, COLOR, WEIGHT FROM P;

SELECT '3.2-3' AS q;
SELECT DISTINCT JNO FROM SPJ WHERE SNO = 'S1';

SELECT '3.2-4' AS q;
SELECT P.PNAME, SPJ.QTY
FROM P
JOIN SPJ ON P.PNO = SPJ.PNO
WHERE SPJ.JNO = 'J2';

SELECT '3.2-5' AS q;
SELECT DISTINCT SPJ.PNO
FROM SPJ
WHERE SPJ.SNO IN (SELECT SNO FROM S WHERE CITY = '上海');

SELECT '3.2-6' AS q;
SELECT DISTINCT J.JNAME
FROM J
WHERE J.JNO IN (
    SELECT SPJ.JNO
    FROM SPJ
    JOIN S ON SPJ.SNO = S.SNO
    WHERE S.CITY = '上海'
);

SELECT '3.2-7' AS q;
SELECT J.JNO
FROM J
WHERE NOT EXISTS (
    SELECT 1
    FROM SPJ
    JOIN S ON SPJ.SNO = S.SNO
    WHERE SPJ.JNO = J.JNO AND S.CITY = '天津'
);

SELECT '实验3.3：SQL高级查询（嵌套/集合/分组）' AS step;

SELECT '3.3-1' AS q;
SELECT DISTINCT SPJ.SNO
FROM SPJ
WHERE SPJ.JNO = 'J1';

SELECT '3.3-2' AS q;
SELECT DISTINCT SPJ.SNO
FROM SPJ
WHERE SPJ.JNO = 'J1' AND SPJ.PNO = 'P1';

SELECT '3.3-3' AS q;
SELECT DISTINCT SPJ.SNO
FROM SPJ
JOIN P ON SPJ.PNO = P.PNO
WHERE SPJ.JNO = 'J1' AND P.COLOR = '红';

SELECT '3.3-4' AS q;
SELECT J.JNO
FROM J
WHERE NOT EXISTS (
    SELECT 1
    FROM SPJ
    JOIN S ON SPJ.SNO = S.SNO
    JOIN P ON SPJ.PNO = P.PNO
    WHERE SPJ.JNO = J.JNO AND S.CITY = '天津' AND P.COLOR = '红'
);

SELECT '3.3-5' AS q;
SELECT DISTINCT SPJ1.JNO
FROM SPJ SPJ1
WHERE NOT EXISTS (
    SELECT 1
    FROM SPJ SPJ_S1
    WHERE SPJ_S1.SNO = 'S1'
      AND NOT EXISTS (
          SELECT 1
          FROM SPJ SPJ2
          WHERE SPJ2.JNO = SPJ1.JNO AND SPJ2.PNO = SPJ_S1.PNO
      )
);

SELECT '3.3-6' AS q;
SELECT SPJ.JNO, COUNT(DISTINCT SPJ.PNO) AS part_kind_count, SUM(SPJ.QTY) AS total_qty
FROM SPJ
GROUP BY SPJ.JNO
HAVING SUM(SPJ.QTY) >= 100;

SELECT '实验3.4：数据更新（DML）' AS step;

SELECT '3.4-1' AS q;
UPDATE P SET COLOR = '蓝' WHERE COLOR = '红';
SELECT PNO, PNAME, COLOR FROM P ORDER BY PNO;
UPDATE P SET COLOR = '红' WHERE PNO IN ('P1', 'P4', 'P6');

SELECT '3.4-2' AS q;
UPDATE SPJ
SET SNO = 'S3'
WHERE SNO = 'S5' AND JNO = 'J2' AND PNO = 'P6';
SELECT * FROM SPJ WHERE JNO = 'J2' AND PNO = 'P6';
UPDATE SPJ
SET SNO = 'S5'
WHERE SNO = 'S3' AND JNO = 'J2' AND PNO = 'P6';

SELECT '3.4-3' AS q;
DELETE FROM SPJ WHERE SNO = 'S2';
DELETE FROM S WHERE SNO = 'S2';
SELECT * FROM S WHERE SNO = 'S2';
SELECT * FROM SPJ WHERE SNO = 'S2';
INSERT INTO S (SNO, SNAME, STATUS, CITY) VALUES ('S2', '先锋', 10, '天津');
INSERT INTO SPJ (SNO, PNO, JNO, QTY) VALUES
('S2', 'P4', 'J2', 70),
('S2', 'P2', 'J4', 60);

SELECT '3.4-4' AS q;
INSERT INTO SPJ (SNO, PNO, JNO, QTY) VALUES ('S2', 'P4', 'J6', 200);
SELECT * FROM SPJ WHERE SNO = 'S2' AND PNO = 'P4' AND JNO = 'J6';
DELETE FROM SPJ WHERE SNO = 'S2' AND PNO = 'P4' AND JNO = 'J6';

SELECT '实验3.5：视图' AS step;

CREATE VIEW V_SPJ_SANJIAN AS
SELECT SPJ.SNO, SPJ.PNO, SPJ.QTY
FROM SPJ
WHERE SPJ.JNO = (SELECT JNO FROM J WHERE JNAME = '三建');

SELECT '3.5-1' AS q;
SELECT PNO, QTY FROM V_SPJ_SANJIAN;

SELECT '3.5-2' AS q;
SELECT * FROM V_SPJ_SANJIAN WHERE SNO = 'S1';

SELECT '实验3.6：索引' AS step;

CREATE INDEX IDX_S_CITY ON S (CITY);
CREATE INDEX IDX_P_COLOR ON P (COLOR);
CREATE INDEX IDX_J_JNAME ON J (JNAME);
CREATE INDEX IDX_SPJ_SNO ON SPJ (SNO);
CREATE INDEX IDX_SPJ_PNO ON SPJ (PNO);
CREATE INDEX IDX_SPJ_JNO ON SPJ (JNO);
